time,datetime_kst,open,high,low,close,volume,days
1473427800,2016-09-09 00:00:00,48.1959,48.9660,46.6559,46.6642,13176800,4
1474032600,2016-09-16 00:00:00,45.8694,46.9126,45.1656,45.7038,19980800,5
1474637400,2016-09-23 00:00:00,46.3330,48.5354,46.1343,47.7323,11857100,5
1475242200,2016-09-30 00:00:00,47.5336,48.5437,47.2107,48.1297,10594000,5
1475847000,2016-10-07 00:00:00,48.0221,48.1877,47.0699,47.6992,12834700,5
1476451800,2016-10-14 00:00:00,47.9890,48.3367,45.4719,45.8362,12717700,5
1477056600,2016-10-21 00:00:00,46.0267,47.3017,45.9936,46.5235,9366100,5
1477661400,2016-10-28 00:00:00,47.0865,47.0865,45.5630,45.7452,9984000,5
1478266200,2016-11-04 00:00:00,45.7452,45.9770,44.9669,45.0248,12388400,5
1478874600,2016-11-11 00:00:00,45.6458,46.8298,43.3275,43.7580,30144700,5
1479479400,2016-11-18 00:00:00,43.4020,43.8822,43.0046,43.0129,15348600,5
1480084200,2016-11-25 00:00:00,43.2861,44.2465,43.1288,43.9071,7674600,4
1480689000,2016-12-02 00:00:00,43.9982,44.3956,43.8905,44.1224,10761100,5
1481293800,2016-12-09 00:00:00,44.1886,45.9687,44.1224,45.5382,13235700,5
1481898600,2016-12-16 00:00:00,45.5879,46.0267,44.7185,44.9006,11759100,5
1482503400,2016-12-23 00:00:00,44.9089,45.0745,44.0750,44.4856,9577000,5
1483108200,2016-12-30 00:00:00,44.4018,45.0051,44.3096,44.5945,7086100,4
1483713000,2017-01-06 00:00:00,45.2146,46.1447,45.0805,45.5330,9846600,4
1484317800,2017-01-13 00:00:00,45.2900,47.5524,45.2900,47.5021,12319300,5
1484922600,2017-01-20 00:00:00,47.7367,47.8289,46.8737,47.0580,8809100,4
1485527400,2017-01-27 00:00:00,47.2842,48.2981,47.2842,47.9294,9711500,5
1486132200,2017-02-03 00:00:00,47.7367,49.5131,47.5524,49.3623,10003300,5
1486737000,2017-02-10 00:00:00,49.2450,49.3204,48.4071,48.7003,9594500,5
1487341800,2017-02-17 00:00:00,48.5328,49.2953,48.3317,48.5747,9578600,5
1487946600,2017-02-24 00:00:00,49.2701,50.0829,49.1947,49.4964,6014600,4
1488551400,2017-03-03 00:00:00,49.2618,49.4796,48.0803,48.3736,11096100,5
1489156200,2017-03-10 00:00:00,48.2143,48.9685,47.9378,48.9014,8929500,5
1489757400,2017-03-17 00:00:00,49.3958,51.4571,49.3958,51.3566,16384700,5
1490362200,2017-03-24 00:00:00,51.9347,52.6051,51.8091,52.3453,12717500,5
1490967000,2017-03-31 00:00:00,52.1694,52.4040,51.8426,51.8426,10064500,5
1491571800,2017-04-07 00:00:00,51.8342,52.0437,50.5354,50.5689,9557400,5
1492090200,2017-04-13 00:00:00,50.1332,50.5270,49.3539,50.2086,13927600,4
1492781400,2017-04-21 00:00:00,50.3930,51.1219,49.6891,51.0801,11561500,5
1493386200,2017-04-28 00:00:00,51.6163,52.3537,51.2309,52.0353,11861200,5
1493991000,2017-05-05 00:00:00,52.0185,53.1497,51.9934,53.1330,10955000,5
1494595800,2017-05-12 00:00:00,54.6245,55.3954,53.9960,55.2027,20863800,5
1495200600,2017-05-19 00:00:00,55.6551,55.9819,54.3564,55.9484,12978200,5
1495805400,2017-05-26 00:00:00,56.0573,57.3897,55.8227,57.3478,12339700,5
1496410200,2017-06-02 00:00:00,56.4344,57.6326,56.3422,57.5321,10786100,4
1497015000,2017-06-09 00:00:00,57.4483,57.5991,56.6104,56.9288,13910400,5
1497619800,2017-06-16 00:00:00,56.3506,57.8254,56.1244,56.3674,16557200,5
1498224600,2017-06-23 00:00:00,56.7780,57.1131,55.8898,57.0126,10705500,5
1498829400,2017-06-30 00:00:00,57.4567,57.4818,56.1328,56.8199,8877700,5
1499434200,2017-07-07 00:00:00,56.7696,56.9791,55.7557,56.0992,7522000,4
1500039000,2017-07-14 00:00:00,56.1579,59.0906,56.1579,59.0152,10271700,5
1500643800,2017-07-21 00:00:00,58.7303,59.9118,58.5879,59.8783,8961500,5
1501248600,2017-07-28 00:00:00,60.0543,60.1464,58.0935,58.3533,13182500,5
1501853400,2017-08-04 00:00:00,58.5544,58.9733,57.3561,57.9678,8908100,5
1502458200,2017-08-11 00:00:00,57.8840,58.2108,55.1021,55.3200,16689900,5
1503063000,2017-08-18 00:00:00,56.0573,56.8618,55.9233,56.5182,15923900,5
1503667800,2017-08-25 00:00:00,56.5517,58.2024,56.4177,58.0684,10786000,5
1504272600,2017-09-01 00:00:00,57.9594,58.0097,56.9958,57.5321,10459600,5
1504877400,2017-09-08 00:00:00,56.2333,56.9539,55.6887,56.4344,14718300,4
1505482200,2017-09-15 00:00:00,57.0042,57.7164,56.8366,57.5908,9999300,5
1506087000,2017-09-22 00:00:00,58.6382,58.8644,57.9594,58.0935,9636800,5
1506691800,2017-09-29 00:00:00,58.0684,58.1605,56.8115,57.8673,15708400,5
1507296600,2017-10-06 00:00:00,57.9343,59.2163,57.9259,58.8476,13798400,5
1507901400,2017-10-13 00:00:00,58.7303,61.1268,58.6382,61.0346,13849600,5
1508506200,2017-10-20 00:00:00,60.8000,60.8922,59.9788,60.8168,11298200,5
1509111000,2017-10-27 00:00:00,61.0011,61.7050,60.5822,61.6044,9225800,5
1509715800,2017-11-03 00:00:00,61.3949,64.0679,61.2106,63.5065,11399700,5
1510324200,2017-11-10 00:00:00,63.4060,63.6155,62.0318,62.3502,10846300,5
1510929000,2017-11-17 00:00:00,61.9899,64.3277,61.9312,63.8668,12058500,5
1511533800,2017-11-24 00:00:00,63.7328,65.0232,63.6490,64.8556,8513600,4
1512138600,2017-12-01 00:00:00,63.7327,64.3612,62.5429,62.9032,14773200,5
1512743400,2017-12-08 00:00:00,63.3976,63.6490,61.7972,62.4088,10028000,5
1513348200,2017-12-15 00:00:00,62.4591,63.5317,62.0737,62.9200,9391500,5
1513953000,2017-12-22 00:00:00,63.1462,63.4060,61.9834,62.6132,9164000,5
1514557800,2017-12-29 00:00:00,62.3975,65.1585,62.3112,64.6494,5286700,4
1515162600,2018-01-05 00:00:00,65.2620,66.5044,65.1585,66.4268,8994500,4
1515767400,2018-01-12 00:00:00,66.5993,67.3068,65.5899,67.2119,11912200,5
1516372200,2018-01-19 00:00:00,67.3500,67.4794,66.3923,67.0221,13997600,4
1516977000,2018-01-26 00:00:00,65.8487,68.2214,65.7538,68.1955,14016500,5
1517581800,2018-02-02 00:00:00,68.0920,68.1092,63.7953,63.8815,13596700,5
1518186600,2018-02-09 00:00:00,63.9506,64.7185,59.0585,60.8876,32747400,5
1518791400,2018-02-16 00:00:00,61.5175,65.9868,61.0947,65.3483,18964500,5
1519396200,2018-02-23 00:00:00,62.9670,64.1490,62.5873,64.0886,12101000,4
1520001000,2018-03-02 00:00:00,64.3388,64.8392,61.1637,62.3803,18446700,5
1520605800,2018-03-09 00:00:00,61.4571,65.7624,61.3535,65.7452,18028200,5
1521207000,2018-03-16 00:00:00,65.5985,66.2629,65.2102,65.8142,14990500,5
1521811800,2018-03-23 00:00:00,65.0204,66.1679,61.9575,61.9747,16110400,5
1522330200,2018-03-29 00:00:00,63.7866,65.3828,62.8721,65.0981,14545200,4
1523021400,2018-04-06 00:00:00,64.9428,65.2102,62.6650,63.1309,15081800,5
1523626200,2018-04-13 00:00:00,63.8470,64.5631,63.6486,64.1404,11209000,5
1524231000,2018-04-20 00:00:00,64.1490,65.5812,64.0023,64.2957,10934900,5
1524835800,2018-04-27 00:00:00,64.3733,65.7452,62.7426,65.6503,16739600,5
1525440600,2018-05-04 00:00:00,65.8056,65.8919,63.4156,64.1231,13045600,5
1526045400,2018-05-11 00:00:00,63.2862,64.9255,62.8203,64.6839,12197200,5
1526650200,2018-05-18 00:00:00,64.3992,64.4596,62.6564,62.9756,14693600,5
1527255000,2018-05-25 00:00:00,63.3380,64.2784,62.4838,63.9506,16350000,5
1527859800,2018-06-01 00:00:00,63.2344,63.3984,61.7504,63.3984,14509400,4
1528464600,2018-06-08 00:00:00,63.6486,64.3302,63.0101,63.3897,15535300,5
1529069400,2018-06-15 00:00:00,63.7090,63.8039,60.3268,60.5684,14906900,5
1529674200,2018-06-22 00:00:00,59.6711,59.9385,57.8420,58.7393,16563600,5
1530279000,2018-06-29 00:00:00,58.6702,58.7134,57.2121,58.4200,13903600,5
1530883800,2018-07-06 00:00:00,56.8066,57.4019,56.4270,57.0827,9397000,4
1531488600,2018-07-13 00:00:00,57.6780,57.9110,56.4874,57.1172,11325200,5
1532093400,2018-07-20 00:00:00,57.1431,57.4364,56.0560,57.2294,10382100,5
1532698200,2018-07-27 00:00:00,56.1164,57.7816,55.9869,57.4451,15182500,5
1533303000,2018-08-03 00:00:00,57.6262,58.0922,55.9611,56.9101,11780700,5
1533907800,2018-08-10 00:00:00,56.6081,57.7039,55.7454,55.8316,10546800,5
1534512600,2018-08-17 00:00:00,55.3916,55.8748,54.2613,55.7626,15041400,5
1535117400,2018-08-24 00:00:00,55.6504,57.6521,55.5296,57.6090,9615100,5
1535722200,2018-08-31 00:00:00,57.8074,58.4114,57.4451,58.0835,12260700,5
1536327000,2018-09-07 00:00:00,57.6004,57.7212,55.9265,55.9956,10794000,4
1536931800,2018-09-14 00:00:00,56.4270,57.7039,55.6763,57.4796,18219700,5
1537536600,2018-09-21 00:00:00,56.8842,58.7997,56.5650,58.5667,13295900,5
1538141400,2018-09-28 00:00:00,58.0231,59.4122,57.8074,58.9032,17287200,5
1538746200,2018-10-05 00:00:00,58.9118,58.9377,55.2190,55.5383,13544300,5
1539351000,2018-10-12 00:00:00,54.9861,55.4693,52.1647,53.5797,25396700,5
1539955800,2018-10-19 00:00:00,53.3985,54.0888,52.1389,53.0275,12706800,5
1540560600,2018-10-26 00:00:00,53.3209,53.4676,49.1881,49.7748,20089700,5
1541165400,2018-11-02 00:00:00,50.0078,52.9844,48.6100,52.4408,23298100,5
1541773800,2018-11-09 00:00:00,52.0871,53.5193,51.0862,51.2415,20774200,5
1542378600,2018-11-16 00:00:00,51.1984,52.6652,50.4564,52.4926,23972800,5
1542983400,2018-11-23 00:00:00,52.1302,52.1647,50.5599,50.5686,14110100,4
1543588200,2018-11-30 00:00:00,51.8024,53.3985,51.7679,52.3028,20412500,5
1544193000,2018-12-07 00:00:00,53.7437,53.8472,50.7843,50.8878,25310300,4
1544797800,2018-12-14 00:00:00,50.8792,52.2251,50.3011,50.6635,28063600,5
1545402600,2018-12-21 00:00:00,50.8188,52.0143,50.0202,50.6761,33233500,5
1546007400,2018-12-28 00:00:00,50.8598,51.9356,50.1688,51.7519,15955700,4
1546612200,2019-01-04 00:00:00,52.0580,52.1368,49.5566,51.2709,15328300,4
1547217000,2019-01-11 00:00:00,51.2621,52.4516,50.5624,52.3467,16612200,5
1547821800,2019-01-18 00:00:00,51.5595,53.9472,51.5333,53.7461,15945700,5
1548426600,2019-01-25 00:00:00,52.7140,55.5916,52.4254,55.5041,13789100,4
1549031400,2019-02-01 00:00:00,54.7869,57.1921,54.6819,56.0114,18864200,5
1549636200,2019-02-08 00:00:00,55.9501,57.2096,54.4808,54.8131,16197300,5
1550241000,2019-02-15 00:00:00,54.9793,55.7665,54.7694,55.4604,15458200,5
1550845800,2019-02-22 00:00:00,55.1805,56.4137,55.1805,56.3962,10269500,4
1551450600,2019-03-01 00:00:00,56.5974,56.9297,54.9443,55.1455,17706300,5
1552055400,2019-03-08 00:00:00,54.8831,54.9356,52.7140,53.0814,20232100,5
1552656600,2019-03-15 00:00:00,53.0814,54.2709,53.0814,54.2359,14923500,5
1553261400,2019-03-22 00:00:00,54.1746,55.0405,53.5449,53.5449,17805400,5
1553866200,2019-03-29 00:00:00,53.5099,53.7461,52.6265,53.3088,17218300,5
1554471000,2019-04-05 00:00:00,54.0959,55.5303,54.0435,55.4778,14564700,5
1555075800,2019-04-12 00:00:00,54.8394,56.0726,54.8131,55.9327,21551200,5
1555594200,2019-04-18 00:00:00,55.9939,56.4399,55.1630,55.3554,14935800,4
1556285400,2019-04-26 00:00:00,55.0143,55.4166,53.2388,53.4662,14374200,5
1556890200,2019-05-03 00:00:00,54.2271,54.3583,53.3000,53.7373,20471300,5
1557495000,2019-05-10 00:00:00,52.2680,52.9764,49.6091,50.5099,32679000,5
1558099800,2019-05-17 00:00:00,48.8569,49.7228,48.1922,48.3409,25662400,5
1558704600,2019-05-24 00:00:00,48.1222,48.9444,47.9998,48.4633,16624400,5
1559309400,2019-05-31 00:00:00,48.7694,48.8919,47.6324,48.6032,15408000,4
1559914200,2019-06-07 00:00:00,49.5216,49.9064,49.2242,49.8190,20721200,5
1560519000,2019-06-14 00:00:00,50.0814,50.8248,49.5216,49.5479,20490000,5
1561123800,2019-06-21 00:00:00,49.6266,52.4691,49.6091,51.9181,19005600,5
1561728600,2019-06-28 00:00:00,52.0056,52.7315,51.7782,52.3642,14651600,5
1562333400,2019-07-05 00:00:00,52.2592,52.2767,50.4575,50.5537,19617600,4
1562938200,2019-07-12 00:00:00,49.6528,50.4575,49.2155,50.3875,18294800,5
1563543000,2019-07-19 00:00:00,50.2476,50.8423,49.7228,50.4837,12647500,5
1564147800,2019-07-26 00:00:00,50.8511,50.9035,49.7490,49.9677,11189800,5
1564752600,2019-08-02 00:00:00,49.2767,49.3817,46.7140,47.0114,27237300,5
1565357400,2019-08-09 00:00:00,45.4721,45.8744,44.3613,45.6033,24362800,5
1565962200,2019-08-16 00:00:00,45.2709,45.9706,44.6762,45.6557,20770700,5
1566567000,2019-08-23 00:00:00,45.9444,46.8715,45.0697,45.1922,16806600,5
1567171800,2019-08-30 00:00:00,45.3409,46.8890,45.1922,46.5828,14275900,5
1567776600,2019-09-06 00:00:00,46.1455,48.6207,46.1193,48.4633,9643000,4
1568381400,2019-09-13 00:00:00,48.6995,50.8336,48.6470,50.7548,22400200,5
1568986200,2019-09-20 00:00:00,49.9239,50.5099,49.4167,49.9677,10912800,5
1569591000,2019-09-27 00:00:00,49.8540,50.3962,48.3321,48.4808,14863200,5
1570195800,2019-10-04 00:00:00,49.2592,49.5041,47.8598,49.0843,19672200,5
1570800600,2019-10-11 00:00:00,48.8219,50.9735,48.7344,50.5712,21497700,5
1571405400,2019-10-18 00:00:00,50.3875,51.1834,50.2563,50.3700,13098600,5
1572010200,2019-10-25 00:00:00,51.2184,51.8744,51.1484,51.7344,13141000,5
1572615000,2019-11-01 00:00:00,51.8481,52.5916,51.2796,52.5566,11735300,5
1573223400,2019-11-08 00:00:00,53.3612,54.0959,53.0114,53.4400,21741200,5
1573828200,2019-11-15 00:00:00,52.5041,53.9035,52.0930,53.8248,13442400,5
1574433000,2019-11-22 00:00:00,53.4924,53.5799,51.4021,51.6120,14520100,5
1575037800,2019-11-29 00:00:00,52.2767,52.5828,51.0872,51.1397,10270600,4
1575642600,2019-12-06 00:00:00,50.9123,50.9473,49.8190,50.8423,15117500,5
1576247400,2019-12-13 00:00:00,50.6149,53.9297,50.4312,53.5099,22171400,5
1576852200,2019-12-20 00:00:00,53.8567,55.4207,53.8388,55.3403,18343200,5
1577457000,2019-12-27 00:00:00,55.0633,56.0195,54.5717,55.8497,8155300,4
1578061800,2020-01-03 00:00:00,55.9123,55.9749,54.4287,54.4376,9405500,4
1578666600,2020-01-10 00:00:00,53.9014,56.1536,53.8656,56.0285,16981800,5
1579271400,2020-01-17 00:00:00,56.6541,57.3512,56.3681,57.2350,16521900,5
1579876200,2020-01-24 00:00:00,56.3413,57.2172,55.8944,56.2162,14164400,4
1580481000,2020-01-31 00:00:00,53.9014,54.4466,51.1755,51.5240,24577400,5
1581085800,2020-02-07 00:00:00,51.9888,55.4029,51.9709,54.0265,20400100,5
1581690600,2020-02-14 00:00:00,54.2142,56.2162,54.2142,55.4922,13027300,5
1582295400,2020-02-21 00:00:00,54.4555,54.8398,52.0245,52.1675,16445400,4
1582900200,2020-02-28 00:00:00,49.2629,50.8359,47.6363,49.1199,43886900,5
1583505000,2020-03-06 00:00:00,49.4148,51.6760,49.0305,49.6383,45742000,5
1584106200,2020-03-13 00:00:00,46.0633,48.9322,40.2182,44.4456,46087300,5
1584711000,2020-03-20 00:00:00,38.6542,40.1825,34.1944,36.2679,48385200,5
1585315800,2020-03-27 00:00:00,35.4367,42.8280,34.2123,40.4953,40640000,5
1585920600,2020-04-03 00:00:00,40.8975,42.5330,38.9760,40.3523,19955100,5
1586439000,2020-04-09 00:00:00,42.3275,44.7227,42.3096,43.7396,20660800,4
1587130200,2020-04-17 00:00:00,43.6145,45.7594,42.8190,45.3751,22174600,5
1587735000,2020-04-24 00:00:00,44.7674,45.3215,42.9978,44.5261,16748400,5
1588339800,2020-05-01 00:00:00,45.3036,47.1805,44.1864,44.5439,18387700,5
1588944600,2020-05-08 00:00:00,44.4099,46.5012,44.2579,46.2867,14901500,5
1589549400,2020-05-15 00:00:00,45.1874,45.9382,44.2848,44.5976,24058900,5
1590154200,2020-05-22 00:00:00,45.8041,47.3235,45.4198,45.7862,21701400,5
1590759000,2020-05-29 00:00:00,47.6542,48.0563,46.8051,47.8686,23840300,4
1591363800,2020-06-05 00:00:00,48.5568,53.9014,48.4317,53.5975,24742000,5
1591968600,2020-06-12 00:00:00,53.3473,53.9103,50.5677,51.3721,24491900,5
1592573400,2020-06-19 00:00:00,48.6819,51.7743,48.3334,50.7197,26447400,5
1593178200,2020-06-26 00:00:00,50.9699,52.0871,50.8269,51.0057,17941600,5
1593696600,2020-07-02 00:00:00,50.8001,52.5697,50.5141,52.1854,16796800,4
1594387800,2020-07-10 00:00:00,53.3562,53.8031,51.8368,52.2212,23747700,5
1594992600,2020-07-17 00:00:00,52.7753,53.4635,51.8905,53.1238,17372000,5
1595597400,2020-07-24 00:00:00,53.0434,54.0265,52.4267,52.6502,14669300,5
1596202200,2020-07-31 00:00:00,53.4098,55.0454,53.2132,53.8567,21949900,5
1596807000,2020-08-07 00:00:00,54.3125,57.3155,54.1248,57.0652,17811000,5
1597411800,2020-08-14 00:00:00,58.0662,60.0056,57.8875,58.8616,16421400,5
1598016600,2020-08-21 00:00:00,59.4247,59.8805,54.9292,56.0642,21031000,5
1598621400,2020-08-28 00:00:00,57.0295,58.1109,56.6094,57.7623,14991200,5
1599226200,2020-09-04 00:00:00,56.2519,57.7445,55.8497,56.9669,24468600,5
1599831000,2020-09-11 00:00:00,57.1188,58.0036,56.9133,57.6462,19826900,4
1600435800,2020-09-18 00:00:00,58.7097,60.0056,58.6471,59.0225,19186700,5
1601040600,2020-09-25 00:00:00,58.3075,58.5399,55.5012,56.3055,21053600,5
1601645400,2020-10-02 00:00:00,57.4138,59.0225,57.1457,58.2628,18583600,5
1602250200,2020-10-09 00:00:00,59.0136,61.2122,58.7097,61.0781,17374000,5
1602855000,2020-10-16 00:00:00,60.6581,60.9172,58.9600,59.4783,17720800,5
1603459800,2020-10-23 00:00:00,59.5766,61.0424,59.2459,61.0424,19293600,5
1604064600,2020-10-30 00:00:00,60.1754,60.4257,57.6104,58.0036,23629500,5
1604673000,2020-11-06 00:00:00,58.9600,63.1784,58.7097,62.7583,21896400,5
1605277800,2020-11-13 00:00:00,64.7335,65.7524,63.3482,65.7256,21082500,5
1605882600,2020-11-20 00:00:00,66.6729,67.2896,66.0830,66.7265,22872100,5
1606487400,2020-11-27 00:00:00,68.0850,69.7742,67.6471,69.5865,14615900,4
1607092200,2020-12-04 00:00:00,68.4336,74.1803,68.1029,74.1714,21703200,5
1607697000,2020-12-11 00:00:00,74.4037,74.5914,72.5984,73.6709,20172000,5
1608301800,2020-12-18 00:00:00,73.9051,74.3554,72.9864,73.1485,21240400,5
1608820200,2020-12-24 00:00:00,71.9687,74.1302,71.2932,73.9951,10894900,4
1609425000,2020-12-31 00:00:00,74.7877,77.9218,74.6256,77.4985,12060000,4
1610116200,2021-01-08 00:00:00,80.4346,86.7299,79.1106,86.6579,25921900,5
1610721000,2021-01-15 00:00:00,85.2889,86.3336,82.7041,83.0644,20404800,5
1611325800,2021-01-22 00:00:00,83.9290,86.4958,83.1544,84.4964,16620500,4
1611930600,2021-01-29 00:00:00,86.0815,86.2976,79.2277,79.3448,23290600,5
1612535400,2021-02-05 00:00:00,81.5784,83.9470,81.3532,83.7218,16708000,5
1613140200,2021-02-12 00:00:00,82.1818,84.9377,82.1187,84.7485,14143300,5
1613745000,2021-02-19 00:00:00,84.7756,84.9557,81.4793,83.8479,9861400,4
1614349800,2021-02-26 00:00:00,81.8305,82.7852,78.4892,79.2277,22784000,5
1614954600,2021-03-05 00:00:00,80.5426,81.7315,78.3361,80.1644,20240200,5
1615559400,2021-03-12 00:00:00,78.3541,80.0833,77.1203,79.2818,25697500,5
1616160600,2021-03-19 00:00:00,79.9302,81.1280,78.9035,80.0473,21117800,5
1616765400,2021-03-26 00:00:00,79.7861,80.4616,77.4355,80.2815,21435600,5
1617283800,2021-04-01 00:00:00,79.4439,81.7855,79.0386,81.6774,13470000,4
1617975000,2021-04-09 00:00:00,82.1998,83.1004,81.9566,82.2358,15512900,5
1618579800,2021-04-16 00:00:00,82.0106,84.7846,81.6054,84.1541,22353200,5
1619184600,2021-04-23 00:00:00,84.2892,84.5324,82.1548,83.6138,18501500,5
1619789400,2021-04-30 00:00:00,84.2982,84.4153,81.3802,81.5603,20732900,5
1620394200,2021-05-07 00:00:00,81.3262,84.6765,80.8488,84.2982,18078700,5
1620999000,2021-05-14 00:00:00,85.3520,85.4330,79.3538,81.5333,22296300,5
1621603800,2021-05-21 00:00:00,79.7411,81.7585,79.6150,80.6057,15596300,5
1622208600,2021-05-28 00:00:00,81.0290,82.9473,80.8128,82.8843,16199300,5
1622813400,2021-06-04 00:00:00,84.2172,84.5504,83.2985,84.4783,12112400,4
1623418200,2021-06-11 00:00:00,84.3703,84.3703,82.4069,83.4336,15329800,5
1624023000,2021-06-18 00:00:00,83.6228,84.4063,81.8575,82.0467,16483500,5
1624627800,2021-06-25 00:00:00,82.2538,84.7215,82.1097,84.6675,11498500,5
1625232600,2021-07-02 00:00:00,84.1091,84.1992,82.9923,83.7579,10884600,5
1625837400,2021-07-09 00:00:00,83.7399,83.7399,80.1824,81.2451,13327800,4
1626442200,2021-07-16 00:00:00,81.4253,82.7762,81.3352,81.6954,13059200,5
1627047000,2021-07-23 00:00:00,80.1914,81.2992,79.5970,81.1911,17239700,5
1627651800,2021-07-30 00:00:00,80.1644,81.7855,79.6330,79.9302,21438000,5
1628256600,2021-08-06 00:00:00,80.1554,82.5690,79.8672,81.4072,15276700,5
1628861400,2021-08-13 00:00:00,81.4162,81.6054,77.4085,77.7687,16524500,5
1629466200,2021-08-20 00:00:00,76.9041,77.4355,73.5178,74.4094,17398100,5
1630071000,2021-08-27 00:00:00,75.1569,77.2374,75.1389,77.1833,16355400,5
1630675800,2021-09-03 00:00:00,76.7060,79.0476,76.5439,78.9846,13385500,5
1631280600,2021-09-10 00:00:00,77.7597,78.0389,75.2110,75.3010,13171500,4
1631885400,2021-09-17 00:00:00,75.7333,76.7420,74.7697,74.8237,15867400,5
1632490200,2021-09-24 00:00:00,72.8874,75.8234,72.4641,74.3103,18198700,5
1633095000,2021-10-01 00:00:00,74.5625,74.9768,71.7706,72.4911,18793900,5
1633699800,2021-10-08 00:00:00,72.1218,72.1488,68.6814,70.2035,20404500,5
1634304600,2021-10-15 00:00:00,70.2936,72.5271,68.8165,72.3830,19345400,5
1634909400,2021-10-22 00:00:00,71.5904,73.1665,71.4914,72.3740,16358400,5
1635514200,2021-10-29 00:00:00,73.1846,74.2563,71.1221,71.5905,21181800,5
1636119000,2021-11-05 00:00:00,71.6715,72.7252,70.7709,71.5724,17062300,5
1636727400,2021-11-12 00:00:00,71.5724,71.8877,69.8342,71.7976,16914100,5
1637332200,2021-11-19 00:00:00,72.3560,72.4460,70.0594,70.6358,18406900,5
1637937000,2021-11-26 00:00:00,72.3650,72.6892,67.9519,68.2311,16940500,4
1638541800,2021-12-03 00:00:00,68.9066,71.5995,67.4386,70.8700,33956000,5
1639146600,2021-12-10 00:00:00,71.4824,73.2926,71.2662,72.7162,20589700,5
1639751400,2021-12-17 00:00:00,72.3014,72.6141,71.1609,72.2646,21696000,5
1640269800,2021-12-23 00:00:00,70.8942,72.4854,70.6183,72.4486,10904700,4
1640961000,2021-12-31 00:00:00,72.4302,73.0096,71.4645,71.6208,19908300,5
1641565800,2022-01-07 00:00:00,71.8048,71.9887,69.4594,71.3081,23118800,5
1642170600,2022-01-14 00:00:00,70.2964,73.4327,69.5974,71.0782,20544900,5
1642775400,2022-01-21 00:00:00,69.6158,70.7654,68.4845,68.5396,18057400,4
1643380200,2022-01-28 00:00:00,67.0864,67.3440,63.5914,64.9342,33344900,5
1643985000,2022-02-04 00:00:00,65.7804,67.6475,65.7620,66.8841,19939500,5
1644589800,2022-02-11 00:00:00,66.4978,68.6684,66.2863,67.0497,37420700,5
1645194600,2022-02-18 00:00:00,66.6910,68.0246,66.1115,67.1232,20064800,5
1645799400,2022-02-25 00:00:00,67.0037,67.3164,63.0947,66.8289,20199000,4
1646404200,2022-03-04 00:00:00,65.6608,66.9025,64.0053,64.3732,21940700,5
1647009000,2022-03-11 00:00:00,63.2235,64.7779,61.6231,61.7243,30903400,5
1647610200,2022-03-18 00:00:00,62.0830,65.9092,61.2552,65.7620,30588300,5
1648215000,2022-03-25 00:00:00,64.6767,65.5413,64.2996,64.5387,16110600,5
1648819800,2022-04-01 00:00:00,65.0078,66.6910,64.6031,65.3205,14460700,5
1649424600,2022-04-08 00:00:00,65.9736,66.2955,63.3431,63.3707,16537400,5
1649943000,2022-04-14 00:00:00,63.3891,64.6307,62.8004,63.2143,9465200,4
1650634200,2022-04-22 00:00:00,63.1407,64.0973,62.0462,62.0922,10547400,5
1651239000,2022-04-29 00:00:00,61.2920,62.3130,59.6273,61.2920,18670400,5
1651843800,2022-05-06 00:00:00,61.3472,62.9016,59.8480,60.8230,23567000,5
1652448600,2022-05-13 00:00:00,59.5905,60.2527,57.1808,60.2343,24074500,5
1653053400,2022-05-20 00:00:00,59.4985,61.2093,58.9743,60.8138,17148400,5
1653658200,2022-05-27 00:00:00,61.4024,62.2854,60.1423,62.1750,12770000,5
1654263000,2022-06-03 00:00:00,63.2051,63.2879,61.5496,61.6415,13243200,4
1654867800,2022-06-10 00:00:00,62.4233,62.7452,57.9993,58.0637,14708300,5
1655472600,2022-06-17 00:00:00,56.1874,56.5737,54.0260,54.9090,24867700,5
1656077400,2022-06-24 00:00:00,54.6055,54.9734,52.1773,54.7250,14511200,4
1656682200,2022-07-01 00:00:00,54.9826,55.2217,52.0210,52.7936,15929300,5
1657287000,2022-07-08 00:00:00,51.7450,53.7777,51.5887,53.6213,15328500,4
1657891800,2022-07-15 00:00:00,52.3245,52.6188,50.6046,52.2877,15938000,5
1658496600,2022-07-22 00:00:00,53.2166,54.5227,52.5636,53.7777,15566100,5
1659101400,2022-07-29 00:00:00,54.2652,55.7735,53.8789,55.6908,16527000,5
1659706200,2022-08-05 00:00:00,54.9734,56.1690,54.4307,55.8563,17670400,5
1660311000,2022-08-12 00:00:00,56.0955,57.3555,55.8747,57.1992,10467100,5
1660915800,2022-08-19 00:00:00,56.6197,56.9508,54.0352,54.1916,10075400,5
1661520600,2022-08-26 00:00:00,53.3914,54.9182,53.0787,53.2442,20247500,5
1662125400,2022-09-02 00:00:00,52.6096,53.7961,51.3312,51.4415,14843000,5
1662730200,2022-09-09 00:00:00,50.9449,51.4047,49.8136,51.3680,12248900,4
1663335000,2022-09-16 00:00:00,51.6531,52.1129,49.5468,50.0343,16186100,5
1663939800,2022-09-23 00:00:00,49.4825,50.0067,46.1990,46.5117,14474600,5
1664544600,2022-09-30 00:00:00,45.8403,46.0978,43.5225,43.5593,18416100,5
1665149400,2022-10-07 00:00:00,43.8352,46.6864,43.7340,45.3988,19223900,5
1665754200,2022-10-14 00:00:00,45.2056,45.6747,43.4029,44.7090,22384600,5
1666359000,2022-10-21 00:00:00,45.8679,46.7692,45.2056,46.3001,17387500,5
1666963800,2022-10-28 00:00:00,45.5183,48.0109,45.3620,47.6614,23177800,5
1667568600,2022-11-04 00:00:00,47.4498,49.6388,47.3670,49.6020,18931400,5
1668177000,2022-11-11 00:00:00,50.4022,55.8931,49.9699,55.8563,22364500,5
1668781800,2022-11-18 00:00:00,54.6423,56.0587,52.3705,53.3914,18326100,5
1669386600,2022-11-25 00:00:00,51.9474,53.3178,51.6991,53.2258,10793300,4
1669991400,2022-12-02 00:00:00,52.7384,56.0127,52.2785,54.6698,20821800,5
1670596200,2022-12-09 00:00:00,54.2008,54.2376,52.3797,53.3822,17467000,5
1671201000,2022-12-16 00:00:00,53.3178,54.6716,51.6089,52.4188,21529000,5
1671805800,2022-12-23 00:00:00,53.0053,53.5452,52.6050,53.0984,14085100,5
1672410600,2022-12-30 00:00:00,53.6197,53.8245,52.2512,52.5770,12681900,4
1673015400,2023-01-06 00:00:00,52.0371,55.8073,51.4041,55.7514,17404900,4
1673620200,2023-01-13 00:00:00,57.0547,58.2183,56.5613,58.1066,14546700,5
1674225000,2023-01-20 00:00:00,57.9763,58.8885,57.0826,58.8699,11087700,4
1674829800,2023-01-27 00:00:00,59.0840,61.0855,58.8141,60.8900,17223300,5
1675434600,2023-02-03 00:00:00,59.7543,60.8900,58.5348,59.0189,15815700,5
1676039400,2023-02-10 00:00:00,57.5201,59.3726,57.1664,58.1624,15694900,5
1676644200,2023-02-17 00:00:00,57.7249,58.6837,56.1703,56.6823,14859100,5
1677249000,2023-02-24 00:00:00,56.4961,56.6823,54.3271,54.5599,19737800,4
1677853800,2023-03-03 00:00:00,54.7274,56.4682,54.3737,56.4123,28772200,5
1678458600,2023-03-10 00:00:00,56.6916,56.8499,53.6755,53.7779,26102300,5
1679059800,2023-03-17 00:00:00,54.3830,55.1743,52.8563,54.2992,30546800,5
1679664600,2023-03-24 00:00:00,54.4575,57.0360,54.4016,55.5652,19718200,5
1680269400,2023-03-31 00:00:00,55.3325,57.2688,55.1463,56.9895,14013800,5
1680787800,2023-04-06 00:00:00,56.1331,56.9243,55.3884,55.8166,12003700,4
1681479000,2023-04-14 00:00:00,56.6171,59.6146,56.5520,58.9723,17165600,5
1682083800,2023-04-21 00:00:00,58.4976,58.7954,56.9709,57.3060,12606400,5
1682688600,2023-04-28 00:00:00,56.9430,57.0360,55.3046,56.4775,11494800,5
1683293400,2023-05-05 00:00:00,56.2820,57.4550,55.9004,57.3339,13014800,5
1683898200,2023-05-12 00:00:00,57.2967,57.3619,55.0532,55.1743,17520500,5
1684503000,2023-05-19 00:00:00,55.6118,57.8552,55.4256,57.7621,16165200,5
1685107800,2023-05-26 00:00:00,58.6279,58.8327,57.6225,58.7396,14250100,5
1685712600,2023-06-02 00:00:00,59.4005,60.7876,57.9669,60.6572,15094100,4
1686317400,2023-06-09 00:00:00,60.4059,62.3142,60.2197,62.0722,15317300,5
1686922200,2023-06-16 00:00:00,61.6440,62.9845,61.5137,61.8860,16678300,5
1687527000,2023-06-23 00:00:00,60.9365,61.0482,58.8234,58.9351,12927300,4
1688131800,2023-06-30 00:00:00,59.5402,60.1732,58.1624,59.0002,15557100,5
1688736600,2023-07-07 00:00:00,60.1546,60.5083,58.1624,58.7768,13347000,4
1689341400,2023-07-14 00:00:00,58.3579,62.7797,58.3579,62.5376,17407600,5
1689946200,2023-07-21 00:00:00,62.5097,62.9659,61.3833,61.4671,14225400,5
1690551000,2023-07-28 00:00:00,62.5004,63.2544,61.6626,62.8262,18418100,5
1691155800,2023-08-04 00:00:00,62.8076,63.2079,60.3035,60.3500,15982400,5
1691760600,2023-08-11 00:00:00,60.1732,60.3407,58.6093,58.7582,20762300,5
1692365400,2023-08-18 00:00:00,58.0135,58.3300,56.0772,56.4775,16828700,5
1692970200,2023-08-25 00:00:00,56.7102,58.1159,56.3937,57.7249,15042100,5
1693575000,2023-09-01 00:00:00,58.1531,59.2702,57.8459,58.8420,15334100,5
1694179800,2023-09-08 00:00:00,58.5255,58.6651,57.3060,57.5201,10185000,4
1694784600,2023-09-15 00:00:00,58.3114,59.3354,57.4736,58.7582,15614200,5
1695389400,2023-09-22 00:00:00,58.7117,58.9630,56.2727,56.5985,17668500,5
1695994200,2023-09-29 00:00:00,56.2262,56.5147,54.2899,54.8671,17051500,5
1696599000,2023-10-06 00:00:00,54.5878,54.7554,53.2938,54.5599,21923600,5
1697203800,2023-10-13 00:00:00,53.8245,55.7421,53.4800,54.6995,17094500,5
1697808600,2023-10-20 00:00:00,54.6529,55.2487,52.9401,52.9494,19289300,5
1698413400,2023-10-27 00:00:00,52.7912,53.9548,50.7246,50.8642,19012300,5
1699018200,2023-11-03 00:00:00,52.0092,55.7421,50.8363,55.5466,26312300,5
1699626600,2023-11-10 00:00:00,58.8699,59.0095,55.3325,56.1331,21183600,5
1700231400,2023-11-17 00:00:00,55.3232,58.7024,55.1556,57.9483,15816100,5
1700836200,2023-11-24 00:00:00,58.5534,59.2702,57.7901,58.0135,8086700,4
1701441000,2023-12-01 00:00:00,57.9204,59.4191,57.8180,58.9444,21456600,5
1702045800,2023-12-08 00:00:00,58.0228,58.2555,56.9057,57.8645,14286600,5
1702650600,2023-12-15 00:00:00,57.8832,60.3966,57.5294,59.5215,16006300,5
1703255400,2023-12-22 00:00:00,59.8101,61.2851,59.5774,61.1037,14901700,5
1703860200,2023-12-29 00:00:00,61.3616,63.3293,61.0750,62.5938,9960400,4
1704465000,2024-01-05 00:00:00,62.0779,62.1639,59.7950,60.0625,12750100,4
1705069800,2024-01-12 00:00:00,59.6327,60.4064,58.1139,58.6106,17159600,5
1705674600,2024-01-19 00:00:00,56.6907,56.8244,54.4842,56.6047,17026700,4
1706279400,2024-01-26 00:00:00,55.8788,57.0250,55.7450,56.8339,15464000,5
1706884200,2024-02-02 00:00:00,57.3689,59.9192,56.6238,59.8046,23797900,5
1707489000,2024-02-09 00:00:00,59.2506,60.8649,59.0022,60.8171,14941600,5
1708093800,2024-02-16 00:00:00,60.9126,62.1353,59.6040,61.3138,19050000,5
1708698600,2024-02-23 00:00:00,61.4953,62.2976,61.0272,62.2403,12182200,4
1709303400,2024-03-01 00:00:00,61.3425,62.2117,60.7025,62.0206,15621400,5
1709908200,2024-03-08 00:00:00,62.6415,63.9883,61.2087,63.3006,15868500,5
1710509400,2024-03-15 00:00:00,63.3006,64.5519,62.5364,62.6511,20617800,5
1711114200,2024-03-22 00:00:00,63.1478,65.1441,61.8391,64.0456,16237000,5
1711632600,2024-03-28 00:00:00,64.0934,64.8098,64.0074,64.1030,8621100,4
1712323800,2024-04-05 00:00:00,63.9501,64.5232,62.6224,63.1382,16281100,5
1712928600,2024-04-12 00:00:00,63.0905,63.4248,59.5371,59.8046,31044600,5
1713533400,2024-04-19 00:00:00,60.5019,60.5019,57.8847,58.5724,23683600,5
1714138200,2024-04-26 00:00:00,59.5085,60.7407,59.2124,60.5019,12943200,5
1714743000,2024-05-03 00:00:00,60.9604,62.3645,59.9956,62.2594,14682800,5
1715347800,2024-05-10 00:00:00,62.5269,62.9663,61.8487,61.9729,10611800,5
1715952600,2024-05-17 00:00:00,62.0015,63.9501,61.9729,62.5269,13814300,5
1716557400,2024-05-24 00:00:00,62.2594,62.4982,60.8553,61.2278,13639400,5
1717162200,2024-05-31 00:00:00,62.1926,62.3359,58.6584,59.3939,10656300,4
1717767000,2024-06-07 00:00:00,60.2917,61.8487,59.7568,60.8075,13551500,5
1718371800,2024-06-14 00:00:00,60.8553,62.9185,60.5401,61.6290,10914600,5
1718976600,2024-06-21 00:00:00,61.6481,62.9090,61.5430,62.2021,9365400,4
1719581400,2024-06-28 00:00:00,62.1066,63.5967,61.8965,63.1287,7753800,5
1720186200,2024-07-05 00:00:00,63.4534,65.9178,62.5651,65.8701,8712400,4
1720791000,2024-07-12 00:00:00,65.3829,66.4050,65.0008,65.5740,12547400,5
1721395800,2024-07-19 00:00:00,65.0773,65.2492,62.2499,62.3072,10795800,5
1722000600,2024-07-26 00:00:00,62.8421,62.9472,60.9795,62.1353,12570600,5
1722605400,2024-08-02 00:00:00,62.3741,63.9310,60.5019,60.7025,16657600,5
1723210200,2024-08-09 00:00:00,55.8405,59.5658,55.7450,59.4321,28487200,5
1723815000,2024-08-16 00:00:00,59.4130,62.6415,59.2697,62.6033,16020800,5
1724419800,2024-08-23 00:00:00,62.5269,64.2271,62.1448,64.1985,14450400,5
1725024600,2024-08-30 00:00:00,63.5585,63.6731,62.0302,62.5651,12578900,5
1725629400,2024-09-06 00:00:00,61.7818,61.8391,57.6650,57.7891,13710300,4
1726234200,2024-09-13 00:00:00,58.7539,60.6643,57.2829,60.4637,13135400,5
1726839000,2024-09-20 00:00:00,60.8744,61.6004,59.9192,60.4828,17111000,5
1727443800,2024-09-27 00:00:00,60.6452,64.1698,60.4923,63.3675,21659000,5
1728048600,2024-10-04 00:00:00,61.6577,61.7818,59.5371,59.8906,19129600,5
1728653400,2024-10-11 00:00:00,60.4828,60.9508,59.9956,60.5496,11843300,5
1729258200,2024-10-18 00:00:00,60.5592,60.7980,59.2410,59.2888,12651300,5
1729863000,2024-10-25 00:00:00,58.9927,59.1264,57.9897,58.4005,13160700,5
1730467800,2024-11-01 00:00:00,58.9258,59.1360,56.8148,57.3306,11546800,5
1731076200,2024-11-08 00:00:00,58.3240,58.5819,56.2226,56.5474,18249700,5
1731681000,2024-11-15 00:00:00,56.1080,56.1653,53.1947,53.6818,23550700,5
1732285800,2024-11-22 00:00:00,54.8854,55.5731,54.4746,55.5253,13302600,5
1732890600,2024-11-29 00:00:00,56.4423,56.4423,54.0543,54.8567,11234800,4
1733495400,2024-12-06 00:00:00,54.1785,54.3982,50.3195,52.4974,65003600,5
1734100200,2024-12-13 00:00:00,51.3320,53.6436,51.1983,53.4812,20699400,5
1734705000,2024-12-20 00:00:00,53.0705,53.2806,50.7697,51.1902,18494600,5
1735309800,2024-12-27 00:00:00,51.3076,51.6499,50.0557,50.3296,8855600,4
1735914600,2025-01-03 00:00:00,49.9677,51.6793,49.6254,51.6793,10432700,4
1736519400,2025-01-10 00:00:00,53.2539,53.5669,52.2563,52.3443,17783000,4
1737124200,2025-01-17 00:00:00,52.0803,53.9679,51.9531,53.6256,16042900,5
1737729000,2025-01-24 00:00:00,54.1243,55.0926,53.9581,54.6720,11857100,4
1738333800,2025-01-31 00:00:00,53.4984,54.3004,52.7844,52.7844,21156800,5
1738938600,2025-02-07 00:00:00,51.6010,54.0363,51.5130,52.9507,15529800,5
1739543400,2025-02-14 00:00:00,53.7038,55.6403,53.3028,55.4349,16332300,5
1740148200,2025-02-21 00:00:00,55.9435,57.2541,55.8848,56.3249,11363200,4
1740753000,2025-02-28 00:00:00,56.8335,57.0584,52.9018,53.4691,17639200,5
1741357800,2025-03-07 00:00:00,54.2319,54.8970,52.5986,54.4569,19518700,5
1741959000,2025-03-14 00:00:00,53.7918,54.9361,52.5595,54.9068,18633100,5
1742563800,2025-03-21 00:00:00,55.8555,56.6575,55.1219,55.6110,14537000,5
1743168600,2025-03-28 00:00:00,55.8750,56.2076,53.4691,53.5864,11259800,5
1743773400,2025-04-04 00:00:00,52.3345,53.7625,49.9286,50.1242,20209000,5
1744378200,2025-04-11 00:00:00,48.9603,53.1659,47.4248,53.1170,36546500,5
1744896600,2025-04-17 00:00:00,53.0192,53.6158,52.4617,53.1170,10458500,4
1745587800,2025-04-25 00:00:00,53.6940,55.0046,52.8529,54.5840,15812100,5
1746192600,2025-05-02 00:00:00,54.1146,56.8237,54.1146,56.4423,13549400,5
1746797400,2025-05-09 00:00:00,57.1954,57.3714,55.9337,56.4227,15816200,5
1747402200,2025-05-16 00:00:00,56.7748,57.8898,56.1880,57.4986,13531100,5
1748007000,2025-05-23 00:00:00,56.9606,58.6037,56.9117,57.6648,13933400,5
1748611800,2025-05-30 00:00:00,58.6331,60.5989,58.4570,59.2981,16797500,4
1749216600,2025-06-06 00:00:00,59.9534,64.2176,59.7969,64.1296,27658800,5
1749821400,2025-06-13 00:00:00,64.7164,66.2324,64.3741,64.9610,25629700,5
1750426200,2025-06-20 00:00:00,66.6921,68.1591,65.1468,67.0246,27236500,4
1751031000,2025-06-27 00:00:00,66.6334,71.0834,66.4867,69.1861,28635400,5
1751549400,2025-07-03 00:00:00,70.0272,71.2008,69.5186,71.1030,17113600,4
1752240600,2025-07-11 00:00:00,69.3817,71.5627,68.3156,70.9661,23421100,5
1752845400,2025-07-18 00:00:00,71.5235,72.2766,70.6140,70.7998,16586100,5
1753450200,2025-07-25 00:00:00,71.9050,72.4722,70.6335,71.6018,20750200,5
1754055000,2025-08-01 00:00:00,71.4551,72.7265,68.8144,69.0980,26500200,5
1754659800,2025-08-08 00:00:00,70.7900,72.1201,70.5162,71.8854,15145000,5
1755264600,2025-08-15 00:00:00,71.5920,73.3134,71.3377,71.7778,13613300,5
1755869400,2025-08-22 00:00:00,71.1226,72.1104,69.3719,71.8952,20037900,5
1756474200,2025-08-29 00:00:00,71.4844,72.0419,70.3010,70.6531,15097000,5
1757079000,2025-09-05 00:00:00,69.9294,72.2864,69.8218,72.0126,9998300,4
1757683800,2025-09-12 00:00:00,72.2277,77.0201,72.2277,76.9321,19920400,5
1758288600,2025-09-19 00:00:00,77.2646,79.0642,77.1961,78.2915,23474000,5
1758893400,2025-09-26 00:00:00,79.1327,80.1302,76.5506,77.1375,21605200,5
1759498200,2025-10-03 00:00:00,78.4089,82.4091,77.9394,82.0081,21474500,5
1760103000,2025-10-10 00:00:00,82.8785,83.1915,78.8588,78.9468,26749700,5
1760707800,2025-10-17 00:00:00,81.5484,86.6928,79.7977,86.5755,25940000,5
1761312600,2025-10-24 00:00:00,87.8958,90.0768,86.6733,90.0279,27836800,5
1761917400,2025-10-31 00:00:00,92.5121,95.3778,91.2603,94.8692,38359800,5
1762525800,2025-11-07 00:00:00,98.3706,98.5759,87.8274,89.7834,48593000,5
1763130600,2025-11-14 00:00:00,92.8740,94.1357,90.0768,92.0622,43096000,5
1763735400,2025-11-21 00:00:00,91.6417,92.7566,84.9911,87.2601,49963500,5
1764340200,2025-11-28 00:00:00,86.0767,89.6465,85.9593,88.8739,19914000,4
1764945000,2025-12-05 00:00:00,88.4240,92.7273,88.3653,92.2285,26185300,5
1765549800,2025-12-12 00:00:00,93.8129,94.6932,90.4778,90.6343,35538000,5
1766154600,2025-12-19 00:00:00,92.1307,92.1894,88.4000,91.3400,32409200,5
1766759400,2025-12-26 00:00:00,91.7800,96.0100,91.4600,95.8400,16195400,4
1767364200,2026-01-02 00:00:00,97.9500,102.3400,97.2200,102.2200,25126900,4
1767969000,2026-01-09 00:00:00,104.9800,109.0100,104.0200,108.8900,42130200,5
1768573800,2026-01-16 00:00:00,107.5100,112.2600,107.3800,112.2200,41129900,5
1769178600,2026-01-23 00:00:00,110.4700,118.4100,110.3600,117.9700,33773000,4
1769783400,2026-01-30 00:00:00,117.2700,126.3200,117.2000,122.4100,59289000,5
1770388200,2026-02-06 00:00:00,118.7600,126.6400,118.1200,124.7100,77909700,5
1770993000,2026-02-13 00:00:00,123.9800,134.3200,123.5000,133.9700,64325500,5
1771597800,2026-02-20 00:00:00,132.3200,141.9800,129.6500,141.8800,61157200,4
1772202600,2026-02-27 00:00:00,140.6200,154.2200,138.9600,151.3700,112550700,5
1772807400,2026-03-06 00:00:00,144.1200,149.3700,121.5500,126.7300,270225000,5
1773408600,2026-03-13 00:00:00,123.7000,137.6900,122.1000,124.1500,162441100,5
1774013400,2026-03-20 00:00:00,130.8700,135.9900,125.4900,125.7800,113294300,5
1774618200,2026-03-27 00:00:00,131.7100,134.7000,119.2800,120.9800,125524800,5
1775136600,2026-04-02 00:00:00,121.2600,128.6500,114.9200,122.8700,110738700,4
1775827800,2026-04-10 00:00:00,125.8500,140.9600,122.5100,138.7300,87851800,5
1776432600,2026-04-17 00:00:00,136.1000,154.9900,135.9700,152.3300,77337700,5
1777037400,2026-04-24 00:00:00,150.2600,155.9800,146.4000,154.5700,74855100,5
1777642200,2026-05-01 00:00:00,157.0200,164.1800,152.4100,162.0000,61913200,5
1778247000,2026-05-08 00:00:00,165.2300,190.4100,162.2400,190.2000,96156300,5
1778851800,2026-05-15 00:00:00,190.8700,194.5800,173.6000,178.8600,107155200,5
1779456600,2026-05-22 00:00:00,182.4500,187.2900,167.1700,182.0300,83925600,5
1780061400,2026-05-29 00:00:00,194.3800,208.2500,194.1600,205.8300,66069500,4
1780666200,2026-06-05 00:00:00,211.4700,217.7600,175.1800,175.1900,116909200,5
1781271000,2026-06-12 00:00:00,186.8800,199.9800,175.0500,197.4500,130196600,5
1781789400,2026-06-18 00:00:00,207.8600,220.8900,204.4900,219.2000,73190000,4
1782480600,2026-06-26 00:00:00,218.2800,220.6900,191.3300,197.2800,113432100,5
1782999000,2026-07-02 00:00:00,195.9600,202.9000,174.4500,180.1400,90276900,4
1783690200,2026-07-10 00:00:00,189.9900,192.2500,174.4200,183.5200,104091000,5
1784295000,2026-07-17 00:00:00,170.3100,177.5200,154.2000,162.5400,155929200,5
1784899800,2026-07-24 00:00:00,165.2000,175.0800,162.5700,162.9600,92732200,5
1785504600,2026-07-31 00:00:00,166.5300,166.9100,142.6400,157.1000,187058700,5
1786109400,2026-08-07 00:00:00,156.4000,172.6200,151.3000,166.0900,92465900,5
1786714200,2026-08-14 00:00:00,163.0000,183.5500,162.1300,179.7400,75009900,5
1787319000,2026-08-21 00:00:00,183.6900,190.1100,169.9500,178.3400,95115500,5
1787923800,2026-08-28 00:00:00,176.6500,183.4900,171.2600,180.2000,56479300,5
1788355800,2026-09-02 00:00:00,181.0500,182.2700,174.6100,178.8600,30593557,3
