time,datetime_kst,open,high,low,close,volume
1784692800,2026-07-22 13:00:00,20.846,20.846,19.836,20.038,1433
1784707200,2026-07-22 17:00:00,20.006,20.319,19.323,19.531,1908
1784721600,2026-07-22 21:00:00,19.593,21.392,19.29,21.308,15994
1784736000,2026-07-23 01:00:00,21.308,21.324,20.628,20.817,2196
1784750400,2026-07-23 05:00:00,20.914,22.138,20.752,21.6,11387
1784764800,2026-07-23 09:00:00,21.637,22.799,21.5,22.505,39593
1784779200,2026-07-23 13:00:00,22.47,23.13,22.214,22.67,13811
1784793600,2026-07-23 17:00:00,22.657,23.371,22.318,22.405,9609
1784808000,2026-07-23 21:00:00,22.336,22.446,20.439,21.392,36869
1784822400,2026-07-24 01:00:00,21.359,22.092,21.288,22.082,4761
1784836800,2026-07-24 05:00:00,22.017,22.363,21.347,21.655,6743
1784851200,2026-07-24 09:00:00,21.76,21.76,19.337,19.39,31575
1784865600,2026-07-24 13:00:00,19.425,20.439,19.25,20.255,12073
1784880000,2026-07-24 17:00:00,20.25,20.7,20.01,20.629,12044
1784894400,2026-07-24 21:00:00,20.541,20.841,18.144,19.526,60825
1784908800,2026-07-25 01:00:00,19.474,19.643,17.826,17.923,39278
1784923200,2026-07-25 05:00:00,17.952,18.143,17.651,17.671,20727
1784937600,2026-07-25 09:00:00,17.779,18.576,17.779,18.448,7412
1784952000,2026-07-25 13:00:00,18.452,18.626,18.36,18.42,12828
1784966400,2026-07-25 17:00:00,18.402,18.506,18.36,18.478,6068
1784980800,2026-07-25 21:00:00,18.488,18.657,18.432,18.491,10974
1784995200,2026-07-26 01:00:00,18.472,18.804,18.472,18.777,1360
1785009600,2026-07-26 05:00:00,18.773,18.9,18.714,18.798,5941
1785024000,2026-07-26 09:00:00,18.783,19.175,18.775,19.149,5899
1785038400,2026-07-26 13:00:00,19.125,19.275,19.125,19.229,1725
1785052800,2026-07-26 17:00:00,19.234,19.437,19.05,19.284,3643
1785067200,2026-07-26 21:00:00,19.299,19.5,19.084,19.371,4413
1785081600,2026-07-27 01:00:00,19.371,19.51,19.331,19.37,9224
1785096000,2026-07-27 05:00:00,19.371,20.358,19.337,20.195,28658
1785110400,2026-07-27 09:00:00,20.24,20.417,18.256,18.691,124060
1785124800,2026-07-27 13:00:00,18.702,19.748,18.65,19.554,31410
1785139200,2026-07-27 17:00:00,19.563,19.831,19.239,19.357,15302
1785153600,2026-07-27 21:00:00,19.377,19.485,15.914,16.433,187321
1785168000,2026-07-28 01:00:00,16.455,17.25,15.877,17.247,69749
1785182400,2026-07-28 05:00:00,17.227,17.317,16.5,16.677,78142
1785196800,2026-07-28 09:00:00,16.724,17.002,14.364,14.92,549920
1785211200,2026-07-28 13:00:00,14.908,14.943,14.022,14.319,307189
1785225600,2026-07-28 17:00:00,14.364,14.871,13.585,14.203,221170
1785240000,2026-07-28 21:00:00,14.193,15.248,13.253,15.174,712089
1785254400,2026-07-29 01:00:00,15.167,15.301,14.117,14.161,194019
1785268800,2026-07-29 05:00:00,14.18,15.183,13.337,15.129,284216
1785283200,2026-07-29 09:00:00,15.147,15.662,11.307,11.447,3324772
1785297600,2026-07-29 13:00:00,11.463,12.847,10.501,12.701,4597888
1785312000,2026-07-29 17:00:00,12.717,13.518,12.336,13.5,415408
1785326400,2026-07-29 21:00:00,13.484,14.123,12.11,12.412,566433
1785340800,2026-07-30 01:00:00,12.412,14.837,11.688,12.124,818683
1785355200,2026-07-30 05:00:00,12.142,12.52,11.401,12.3,746115
1785369600,2026-07-30 09:00:00,12.315,14.13,11.774,12.217,1344663
1785384000,2026-07-30 13:00:00,12.231,12.529,11.6,11.639,763261
1785398400,2026-07-30 17:00:00,11.643,13.057,11.519,13.024,258782
1785412800,2026-07-30 21:00:00,13.04,15.652,12.988,15.539,936304
1785427200,2026-07-31 01:00:00,15.55,16.35,15.48,16.305,485029
1785441600,2026-07-31 05:00:00,16.3,16.938,15.976,16.891,609296
1785456000,2026-07-31 09:00:00,16.883,17.83,15.805,16.687,1323916
1785470400,2026-07-31 13:00:00,16.676,18.493,16.501,17.914,740742
1785484800,2026-07-31 17:00:00,17.902,18.129,16.934,17.308,379350
1785499200,2026-07-31 21:00:00,17.291,17.731,14.907,15.444,997829
1785513600,2026-08-01 01:00:00,15.45,16.145,14.862,15.066,508370
1785528000,2026-08-01 05:00:00,15.078,15.177,14.689,15.005,254399
1785542400,2026-08-01 09:00:00,15.006,15.391,14.862,15.02,75747
1785556800,2026-08-01 13:00:00,15.012,15.071,14.44,14.767,176830
1785571200,2026-08-01 17:00:00,14.785,15.077,14.714,15.005,61443
1785585600,2026-08-01 21:00:00,15.005,15.203,14.869,15.001,42181
1785600000,2026-08-02 01:00:00,15.007,15.146,14.448,14.52,59551
1785614400,2026-08-02 05:00:00,14.502,15.127,14.44,15.014,45848
1785628800,2026-08-02 09:00:00,15.024,15.823,15.012,15.75,174634
1785643200,2026-08-02 13:00:00,15.76,16,15.676,15.87,52425
1785657600,2026-08-02 17:00:00,15.879,15.966,15.544,15.554,68329
1785672000,2026-08-02 21:00:00,15.576,15.726,15.511,15.599,18200
1785686400,2026-08-03 01:00:00,15.57,15.807,15.546,15.776,34308
1785700800,2026-08-03 05:00:00,15.78,16.41,15.636,16.3,118570
1785715200,2026-08-03 09:00:00,16.284,16.94,15.672,16.138,739846
1785729600,2026-08-03 13:00:00,16.126,16.315,15.859,16.081,190793
1785744000,2026-08-03 17:00:00,16.069,16.122,14.516,14.58,459444
1785758400,2026-08-03 21:00:00,14.559,15.466,13.64,14.887,1023032
1785772800,2026-08-04 01:00:00,14.898,16.105,14.898,15.879,205990
1785787200,2026-08-04 05:00:00,15.877,17.004,15.814,16.8,180463
1785801600,2026-08-04 09:00:00,16.781,16.93,15.24,15.8,1246271
1785816000,2026-08-04 13:00:00,15.814,17.04,15.389,16.866,499157
1785830400,2026-08-04 17:00:00,16.869,17.862,16.169,17.86,389848
1785844800,2026-08-04 21:00:00,17.837,19.009,17.495,18.701,656074
1785859200,2026-08-05 01:00:00,18.719,19.586,18.685,19.146,283773
1785873600,2026-08-05 05:00:00,19.156,19.407,18.469,18.791,235848
1785888000,2026-08-05 09:00:00,18.809,19.332,18.34,19.22,441373
1785902400,2026-08-05 13:00:00,19.197,19.372,18.431,18.556,275868
1785916800,2026-08-05 17:00:00,18.539,18.665,17.729,18.309,264866
1785931200,2026-08-05 21:00:00,18.294,19.315,18.089,18.436,406239
1785945600,2026-08-06 01:00:00,18.436,19.088,18.381,18.439,148465
1785960000,2026-08-06 05:00:00,18.421,18.575,17.815,17.896,312691
1785974400,2026-08-06 09:00:00,17.909,18.611,16.508,16.932,744230
1785988800,2026-08-06 13:00:00,16.94,17.252,16.511,16.563,154705
1786003200,2026-08-06 17:00:00,16.546,16.8,15.993,16.524,285990
1786017600,2026-08-06 21:00:00,16.525,18.048,15.568,17.175,433740
1786032000,2026-08-07 01:00:00,17.187,17.339,16.745,16.812,151778
1786046400,2026-08-07 05:00:00,16.792,17.495,16.667,17.148,95239
1786060800,2026-08-07 09:00:00,17.124,17.508,15.85,16.158,483600
1786075200,2026-08-07 13:00:00,16.158,17.036,16.083,17.026,113082
1786089600,2026-08-07 17:00:00,17.01,17.55,17.01,17.212,92310
1786104000,2026-08-07 21:00:00,17.22,18.399,16.041,16.865,659979
1786118400,2026-08-08 01:00:00,16.875,17.46,16.523,17.382,142989
1786132800,2026-08-08 05:00:00,17.382,17.382,17.163,17.25,29163
1786147200,2026-08-08 09:00:00,17.244,17.315,17.159,17.199,16036
1786161600,2026-08-08 13:00:00,17.198,17.22,16.958,16.997,11445
1786176000,2026-08-08 17:00:00,17.005,17.135,16.974,17.095,25724
1786190400,2026-08-08 21:00:00,17.089,17.367,17.076,17.316,20203
1786204800,2026-08-09 01:00:00,17.316,17.595,17.303,17.496,9373
1786219200,2026-08-09 05:00:00,17.496,17.572,17.385,17.402,19012
1786233600,2026-08-09 09:00:00,17.402,17.406,17.23,17.3,10588
1786248000,2026-08-09 13:00:00,17.3,17.439,17.261,17.31,4269
1786262400,2026-08-09 17:00:00,17.31,17.322,17.203,17.309,9815
1786276800,2026-08-09 21:00:00,17.325,17.485,17.316,17.422,18344
1786291200,2026-08-10 01:00:00,17.429,17.717,17.423,17.698,23105
1786305600,2026-08-10 05:00:00,17.696,17.71,17.338,17.439,54126
1786320000,2026-08-10 09:00:00,17.423,17.85,16.765,16.952,354814
1786334400,2026-08-10 13:00:00,16.964,17.081,16.527,16.975,179610
1786348800,2026-08-10 17:00:00,16.991,17.15,16.357,16.528,129559
1786363200,2026-08-10 21:00:00,16.543,16.991,16.15,16.779,420337
1786377600,2026-08-11 01:00:00,16.773,16.855,16.39,16.449,99712
1786392000,2026-08-11 05:00:00,16.426,16.817,16.357,16.459,43922
1786406400,2026-08-11 09:00:00,16.478,17.4,16.161,17.276,324507
1786420800,2026-08-11 13:00:00,17.295,17.526,16.787,16.952,102966
1786435200,2026-08-11 17:00:00,16.949,17.559,16.61,17.34,94931
1786449600,2026-08-11 21:00:00,17.32,18.114,17.293,17.576,426735
1786464000,2026-08-12 01:00:00,17.599,17.827,17.191,17.662,179616
1786478400,2026-08-12 05:00:00,17.645,17.999,17.618,17.843,73630
1786492800,2026-08-12 09:00:00,17.83,19.138,17.65,18.938,535476
1786507200,2026-08-12 13:00:00,18.943,19.043,18.528,18.8,127384
1786521600,2026-08-12 17:00:00,18.802,19.388,18.457,19.32,206778
1786536000,2026-08-12 21:00:00,19.318,20.286,18.914,19.942,343503
1786550400,2026-08-13 01:00:00,19.939,20.35,19.725,20.347,177456
1786564800,2026-08-13 05:00:00,20.349,20.752,20.217,20.54,201110
1786579200,2026-08-13 09:00:00,20.514,21.245,20.395,20.851,378162
1786593600,2026-08-13 13:00:00,20.835,21.016,19.838,19.942,226762
1786608000,2026-08-13 17:00:00,19.967,20.09,19.581,19.968,195173
1786622400,2026-08-13 21:00:00,19.96,22.048,19.649,21.332,485438
1786636800,2026-08-14 01:00:00,21.325,21.892,21.06,21.279,350547
1786651200,2026-08-14 05:00:00,21.279,22.052,21.191,21.946,158643
1786665600,2026-08-14 09:00:00,21.946,22.157,20.765,21.305,429809
1786680000,2026-08-14 13:00:00,21.294,21.796,21.18,21.761,506598
1786694400,2026-08-14 17:00:00,21.741,22.769,21.676,22.516,386440
1786708800,2026-08-14 21:00:00,22.541,22.946,21.206,21.45,838256
1786723200,2026-08-15 01:00:00,21.456,21.673,21.305,21.597,82431
1786737600,2026-08-15 05:00:00,21.598,21.826,21.505,21.719,31491
1786752000,2026-08-15 09:00:00,21.696,21.752,21.554,21.554,25636
1786766400,2026-08-15 13:00:00,21.556,21.632,21.537,21.606,33369
1786780800,2026-08-15 17:00:00,21.612,21.655,21.581,21.61,7653
1786795200,2026-08-15 21:00:00,21.604,21.752,21.604,21.72,7699
1786809600,2026-08-16 01:00:00,21.712,21.796,21.698,21.754,3162
1786824000,2026-08-16 05:00:00,21.763,21.818,21.62,21.795,3851
1786838400,2026-08-16 09:00:00,21.812,22.111,21.812,22.034,9442
1786852800,2026-08-16 13:00:00,22.074,22.339,22.034,22.271,33475
1786867200,2026-08-16 17:00:00,22.268,22.3,22.028,22.152,13239
1786881600,2026-08-16 21:00:00,22.152,22.214,21.94,21.995,21905
1786896000,2026-08-17 01:00:00,21.999,22.094,21.956,22.059,12893
1786910400,2026-08-17 05:00:00,22.043,22.079,21.803,21.85,25293
1786924800,2026-08-17 09:00:00,21.84,22.591,21.714,22.57,132233
1786939200,2026-08-17 13:00:00,22.566,23.317,22.528,23.266,173575
1786953600,2026-08-17 17:00:00,23.253,23.539,23.158,23.223,201347
1786968000,2026-08-17 21:00:00,23.214,25.35,22.902,24.79,619850
1786982400,2026-08-18 01:00:00,24.794,25.003,23.211,23.517,383760
1786996800,2026-08-18 05:00:00,23.528,24.254,23.244,23.556,207143
1787011200,2026-08-18 09:00:00,23.582,24.03,21.081,21.448,1220392
1787025600,2026-08-18 13:00:00,21.436,21.742,20.273,20.717,438315
1787040000,2026-08-18 17:00:00,20.717,20.776,19.772,20.176,468122
1787054400,2026-08-18 21:00:00,20.168,20.519,18.156,18.421,816894
1787068800,2026-08-19 01:00:00,18.426,18.726,17.804,17.869,442805
1787083200,2026-08-19 05:00:00,17.868,17.96,17.528,17.676,249436
1787097600,2026-08-19 09:00:00,17.684,18.486,16.706,17.804,2026300
1787112000,2026-08-19 13:00:00,17.813,19.894,17.576,19.856,1271872
1787126400,2026-08-19 17:00:00,19.866,20.191,18.924,19.281,1076737
1787140800,2026-08-19 21:00:00,19.291,20.4,18.63,19.126,2361589
1787155200,2026-08-20 01:00:00,19.122,19.303,18.619,19.129,870370
1787169600,2026-08-20 05:00:00,19.119,20.214,18.996,19.679,322362
1787184000,2026-08-20 09:00:00,19.687,21.28,19.038,21.008,780743
1787198400,2026-08-20 13:00:00,21.008,21.299,20.338,20.697,279712
1787212800,2026-08-20 17:00:00,20.696,20.804,19.676,19.787,534059
1787227200,2026-08-20 21:00:00,19.79,20.89,19.158,20.091,831865
1787241600,2026-08-21 01:00:00,20.105,20.437,19.718,20.314,513172
1787256000,2026-08-21 05:00:00,20.324,20.564,20.01,20.01,305182
1787270400,2026-08-21 09:00:00,20,21.768,19.93,21.356,728207
1787284800,2026-08-21 13:00:00,21.358,21.828,21.16,21.535,669958
1787299200,2026-08-21 17:00:00,21.536,21.69,20.524,21.003,637403
1787313600,2026-08-21 21:00:00,21.006,21.15,20.29,20.822,201769
1787328000,2026-08-22 01:00:00,20.844,20.879,20.225,20.391,86521
1787342400,2026-08-22 05:00:00,20.407,20.635,20.254,20.385,44878
1787356800,2026-08-22 09:00:00,20.396,20.457,20.304,20.449,50567
1787371200,2026-08-22 13:00:00,20.433,20.494,19.885,20.417,31970
1787385600,2026-08-22 17:00:00,20.421,20.421,20.173,20.215,15775
1787400000,2026-08-22 21:00:00,20.196,20.223,19.981,20.063,72332
1787414400,2026-08-23 01:00:00,20.039,20.153,19.974,20.072,24758
1787428800,2026-08-23 05:00:00,20.057,20.144,20.038,20.064,11203
1787443200,2026-08-23 09:00:00,20.102,20.453,20.089,20.385,52977
1787457600,2026-08-23 13:00:00,20.408,20.442,20.213,20.417,21873
1787472000,2026-08-23 17:00:00,20.417,20.543,20.329,20.543,9974
1787486400,2026-08-23 21:00:00,20.543,20.878,20.512,20.8,29481
1787500800,2026-08-24 01:00:00,20.819,21.384,20.81,21.163,40671
1787515200,2026-08-24 05:00:00,21.171,21.392,21.07,21.092,53195
1787529600,2026-08-24 09:00:00,21.079,21.272,19.536,19.622,1142813
1787544000,2026-08-24 13:00:00,19.6,20.263,19.536,19.815,190333
1787558400,2026-08-24 17:00:00,19.814,20.28,19.518,19.998,149467
1787572800,2026-08-24 21:00:00,19.977,20.004,17.959,18.782,691222
1787587200,2026-08-25 01:00:00,18.8,19.244,18.476,18.755,95291
1787601600,2026-08-25 05:00:00,18.758,18.895,18.518,18.581,90368
1787616000,2026-08-25 09:00:00,18.586,19.4,17.652,19.165,710669
1787630400,2026-08-25 13:00:00,19.162,20.235,19.156,19.961,207869
1787644800,2026-08-25 17:00:00,19.954,20.687,19.826,20.583,209121
1787659200,2026-08-25 21:00:00,20.581,20.762,19.87,20.404,407224
1787673600,2026-08-26 01:00:00,20.401,20.856,20.274,20.834,93764
1787688000,2026-08-26 05:00:00,20.798,21.028,20.617,20.623,305290
1787702400,2026-08-26 09:00:00,20.623,21.395,19.92,21.292,517465
1787716800,2026-08-26 13:00:00,21.282,21.373,20.473,20.573,231641
1787731200,2026-08-26 17:00:00,20.585,20.894,20.392,20.63,99685
1787745600,2026-08-26 21:00:00,20.625,20.974,20.22,20.6,346816
1787760000,2026-08-27 01:00:00,20.612,20.815,20.449,20.475,69730
1787774400,2026-08-27 05:00:00,20.471,22.772,20.296,22.674,443718
1787788800,2026-08-27 09:00:00,22.65,22.66,21.244,21.837,513765
1787803200,2026-08-27 13:00:00,21.852,21.9,21.333,21.736,248976
1787817600,2026-08-27 17:00:00,21.734,22.082,21.627,21.83,173811
1787832000,2026-08-27 21:00:00,21.832,21.928,20.647,21.194,514786
1787846400,2026-08-28 01:00:00,21.183,21.463,20.488,21.401,179744
1787860800,2026-08-28 05:00:00,21.401,21.488,20.707,20.849,125028
1787875200,2026-08-28 09:00:00,20.87,21.696,20.8,21.344,383244
1787889600,2026-08-28 13:00:00,21.348,21.379,20.927,21.223,79545
1787904000,2026-08-28 17:00:00,21.231,21.24,20.858,20.912,76555
1787918400,2026-08-28 21:00:00,20.906,21.866,20.859,21.26,339517
1787932800,2026-08-29 01:00:00,21.227,21.4,20.543,20.748,220095
1787947200,2026-08-29 05:00:00,20.785,20.853,20.606,20.652,36191
1787961600,2026-08-29 09:00:00,20.653,20.943,20.614,20.931,22802
1787976000,2026-08-29 13:00:00,20.939,20.996,20.89,20.897,10070
1787990400,2026-08-29 17:00:00,20.897,21.016,20.853,20.97,37703
1788004800,2026-08-29 21:00:00,20.971,20.99,20.849,20.894,9848
1788019200,2026-08-30 01:00:00,20.875,21.248,20.83,21.168,60683
1788033600,2026-08-30 05:00:00,21.171,21.36,21.171,21.347,122266
1788048000,2026-08-30 09:00:00,21.34,21.719,21.274,21.6,114808
1788062400,2026-08-30 13:00:00,21.608,21.715,21.579,21.631,27554
1788076800,2026-08-30 17:00:00,21.647,21.765,21.505,21.659,101143
1788091200,2026-08-30 21:00:00,21.652,21.657,21.501,21.643,83065
1788105600,2026-08-31 01:00:00,21.64,21.801,21.304,21.338,53218
1788120000,2026-08-31 05:00:00,21.314,21.345,20.412,20.457,204682
1788134400,2026-08-31 09:00:00,20.444,20.472,18.982,20.182,1314823
1788148800,2026-08-31 13:00:00,20.188,21.526,20.045,21.261,333777
1788163200,2026-08-31 17:00:00,21.281,21.494,20.84,21.055,189825
1788177600,2026-08-31 21:00:00,21.1,21.41,20.667,20.722,436311
1788192000,2026-09-01 01:00:00,20.68,20.91,20.396,20.696,116239
